"name","visibility","size","language","lisence","updatedAt"
"probabilityzero","PUBLIC",,,,"2026-02-24 11:47:59"
"obsidianplugins","PRIVATE",,,,"2026-02-24 11:43:08"
"windowsconfigs","PUBLIC",,,,"2026-02-24 12:04:10"
"visualizers.rs","PUBLIC",,,,"2026-02-24 10:37:17"
"studyverse","PUBLIC",,,,"2026-02-23 15:44:03"
"lifebook","PRIVATE",,,,"2026-02-21 15:14:12"
"anasiagent","PUBLIC",,,,"2026-02-23 10:23:49"
"sandbox","PUBLIC",,,,"2026-02-21 00:12:37"
"designstandards","PUBLIC",,,,"2026-02-20 09:29:40"
"aristocrat","PRIVATE",,,,"2026-02-14 11:03:53"
"nma","PRIVATE",,,,"2026-02-16 11:41:10"
"da","PRIVATE",,,,"2026-02-14 10:18:12"
"ds","PRIVATE",,,,"2026-02-14 10:17:58"
"healthline","PRIVATE",,,,"2026-02-14 10:17:42"
"nextlangchain","PUBLIC",,,,"2026-02-13 11:30:09"
"stackbox","PRIVATE",,,,"2026-02-24 10:49:12"
"hanslabswebsite","PUBLIC",,,,"2026-02-10 09:36:53"
"portfolioforitsas","PUBLIC",,,,"2026-02-09 14:27:17"
"infinitegallery","PUBLIC",,,,"2026-02-05 17:41:07"
"games","PUBLIC",,,,"2026-02-12 09:32:04"
"sparklineo","PRIVATE",,,,"2026-02-10 09:46:48"
"llmcolony","PUBLIC",,,,"2025-12-16 17:53:44"
"games.rs","PUBLIC",,,,"2026-02-24 10:39:56"
"telegramllmbot","PUBLIC",,,,"2025-12-10 11:41:43"
"geminichatbot","PRIVATE",,,,"2025-11-15 17:26:59"
"hanslibrary","PUBLIC",,,,"2025-11-15 06:11:14"
"jadevinetheme","PUBLIC",,,,"2026-02-09 16:52:38"
"reminder","PRIVATE",,,,"2025-12-10 08:51:56"
"elsoreilgallery","PUBLIC",,,,"2025-04-30 19:53:26"
"friendsacrossglobe","PUBLIC",,,,"2025-04-30 20:25:44"
"k","PUBLIC",,,,"2025-04-25 13:07:39"
"simtube","PUBLIC",,,,"2025-04-23 20:22:55"
"whatawonderfulworld","PUBLIC",,,,"2025-04-16 13:55:42"
"universities.net","PUBLIC",,,,"2026-02-24 12:41:28"
"tarique.bash","PRIVATE",,,,"2026-02-14 10:10:44"
"taskforce","PRIVATE",,,,"2026-02-12 11:31:17"
"sol","PRIVATE",,,,"2026-02-09 16:58:07"
"wordview","PUBLIC",,,,"2026-02-12 11:14:57"
"tariqueportfolio","PRIVATE",,,,"2026-02-14 08:37:42"
"codeview","PRIVATE",,,,"2026-02-12 11:22:08"
"tariquenotes","PRIVATE",,,,"2025-03-28 01:35:45"
"tictactoe","PUBLIC",,,,"2025-03-24 02:13:19"
"echecs","PUBLIC",,,,"2025-03-23 23:11:24"
"whiteboard","PUBLIC",,,,"2026-02-12 11:10:14"
"hunch","PUBLIC",,,,"2025-03-13 07:38:10"
"mxkernel","PUBLIC",,,,"2026-02-24 13:02:09"
"ascensionquests","PUBLIC",,,,"2025-03-12 00:44:53"
"mash3d","PUBLIC",,,,"2026-02-12 11:30:35"
"yearofthesnake","PUBLIC",,,,"2025-03-11 09:41:15"
"games.py","PUBLIC",,,,"2026-02-12 11:07:04"
"astronomy","PUBLIC",,,,"2025-04-03 19:06:17"
"powershellprofile","PUBLIC",,,,"2025-02-21 18:00:04"
"todolist","PRIVATE",,,,"2025-02-03 16:32:27"
"portfolioforelenasili","PRIVATE",,,,"2025-02-02 17:54:25"
"moonview","PRIVATE",,,,"2025-02-02 17:50:37"
"wordle","PUBLIC",,,,"2026-02-12 09:30:49"
